CREATE DATABASE PROYECTOV3;
USE PROYECTOV3;

CREATE TABLE documental
(
  Titulo VARCHAR(255) NOT NULL,
  Año INT NOT NULL,
  Paises VARCHAR(100),
  Duracion_en_minutos INT NOT NULL,
  Director VARCHAR(50),
  Sinopsis TEXT,
  Semblanza TEXT,
  Iniciativas VARCHAR(50),
  Tematica VARCHAR(255),
  Festivales_y_premios TEXT,
  PRIMARY KEY (Titulo)
);
alter table documental modify column TEMATICA VARCHAR(255);
INSERT INTO documental VALUES('Ultimas conversaciones',2015,'Brasil',88,'Eduardo Coutinho','La película busca entender cómo piensan, sueñan y viven los adolescentes de hoy, a partir de conversaciones que jóvenes estudiantes de escuelas públicas de Río de Janeiro y el cineasta Eduardo Coutinho tuvieron poco antes de la muerte de este.','Eduardo Coutinho (Brasil, 1933-2014) fue un director, productor, guionista, actor y periodista considerado uno de los documentalistas más importantes de Brasil. Dedicó su vida al cine desde 1962, pero no fue hasta los años 70, cuando empezó a producir reportajes para el programa Globo Repórter de TV Globo, que dejó la ficción por el documental. Entre su extensa filmografía destacan las películas Cabra, marcado para morir, ganadora del Premio de la Crítica Internacional de la Berlinale en 1985, Edifício Master y Jogo de Cena. Últimas conversaciones, documental terminado de manera póstuma por su productor ejecutivo João Moreira Salles y su editora Jordana Berg, refleja con fidelidad la esencia del trabajo de Coutinho: retratar a personajes cotidianos a través de la conversación.','Gira Ambulante',NULL,'Festival Internacional De Documentales É Tudo Verdade, IDFA, Festival De Cine De Lima, Festival Internacional De Programas Audiovisuales (FIPA), Ambulante Gira De Documentales,  BAFICI, EDOC y Festival Internacional De Cine De Cali');
INSERT INTO documental VALUES('Edificio Master',2002,'Brasil',110,'Eduardo Coutinho','Durante siete días, Coutinho y su equipo filmaron la cotidianidad de los habitantes de un edificio en Copacabana. Ellos compartieron sus historias de desilusión, traición, esperanza, felicidad, tristeza, olvido y amor.','Eduardo Coutinho (Brasil, 1933-2014) fue un director, productor, guionista, actor y periodista considerado uno de los documentalistas más importantes de Brasil. Dedicó su vida al cine desde 1962, pero no fue hasta los años 70, cuando empezó a producir reportajes para el programa Globo Repórter de TV Globo, que dejó la ficción por el documental. Entre su extensa filmografía destacan las películas Cabra, marcado para morir, ganadora del Premio de la Crítica Internacional de la Berlinale en 1985, Edifício Master y Jogo de Cena. Últimas conversaciones, documental terminado de manera póstuma por su productor ejecutivo João Moreira Salles y su editora Jordana Berg, refleja con fidelidad la esencia del trabajo de Coutinho: retratar a personajes cotidianos a través de la conversación.','Gira Ambulante','Latinoamérica','Mostra Internacional de Cinema de São Paulo,Festival Internacional de Nuevo Cine Latinoamericano de La Habana,Festival de Cine de Gramado,EDOC,IDFA.');
INSERT INTO documental VALUES('Eduardo Coutinho, 7 de octubre',2013,'Brasil',72,'Carlos Nader','Como si fuera uno de sus muchos personajes, Coutinho es puesto frente a la cámara para iniciar una profunda conversación con el director Carlos Nader y revelar a la persona que hay detrás del documentalista más importante de Brasil.','Carlos Nader (Brasil, 1964) es un cineasta cuya obra –registros formales que van desde el documental hasta el videoarte– explora tópicos como la identidad y la relación tiempo-hombre-cámara en medio de una era mediatizada. Su trabajo ha sido presentado en festivales como el TIFF y el Festival Internacional de Documentales “Todo es verdad”, en Brasil.','Gira Ambulante',NULL,'DocBuenosAires,Festival de Brasilia.');
INSERT INTO documental VALUES('Cabra, marcado para morir',1984,'Brasil',119,'Eduardo Coutinho','En 1964, Coutinho inició la filmación de un documental sobre el asesinato del líder campesino João Pedro Teixeira, pero un golpe militar detuvo la producción. Diecisiete años después, el director retomó la historia y fue en busca de los involucrados.','Eduardo Coutinho (Brasil, 1933-2014) fue un director, productor, guionista, actor y periodista considerado uno de los documentalistas más importantes de Brasil. Dedicó su vida al cine desde 1962, pero no fue hasta los años 70, cuando empezó a producir reportajes para el programa Globo Repórter de TV Globo, que dejó la ficción por el documental. Entre su extensa filmografía destacan las películas Cabra, marcado para morir, ganadora del Premio de la Crítica Internacional de la Berlinale en 1985, Edifício Master y Jogo de Cena. Últimas conversaciones, documental terminado de manera póstuma por su productor ejecutivo João Moreira Salles y su editora Jordana Berg, refleja con fidelidad la esencia del trabajo de Coutinho: retratar a personajes cotidianos a través de la conversación.','Gira Ambulante','Latinoamérica','Berlinale,Cinéma du réel,TIFF,Festival de Cine de Gramado,Festival Internacional del Nuevo Cine,Latinoamericano de La Habana,EDOC,Punto de Vista,Festival Internacional de Documentales É Tudo Verdade.');
INSERT INTO documental VALUES('Oasis: Supersonic',2016,'Reino Unido',122,'Mat Whitecross','Desde sus inicios en el sótano de una casa modesta en Manchester hasta los conciertos masivos que la consolidaron como la banda más grande del planeta en los 90, este documental muestra la historia de Oasis.','Mat Whitecross es uno de los directores británicos más prometedores del momento. Su primer largometraje, Camino a Guantánamo, co-dirigido por Michael Winterbottom, ganó el Oso de Plata en el Festival de Berlín en 2006. También dirige videos musicales para Coldplay.','Gira Ambulante','Música','Festival Internacional de Seattle,Festival In-Edit,Festival de Cine Golden Horse de Taipei');
INSERT INTO documental VALUES('Santo fuerte',1999,'Brasil',80,'Eduardo Coutinho','A través de once testimonios, Coutinho retrata la variedad en las creencias religiosas de los pobladores de Vila Parque da Cidade, una favela de Río de Janeiro, y reconstruye el imaginario de la población, sus vidas y sus relaciones.','Eduardo Coutinho (Brasil, 1933-2014) fue un director, productor, guionista, actor y periodista considerado uno de los documentalistas más importantes de Brasil. Dedicó su vida al cine desde 1962, pero no fue hasta los años 70, cuando empezó a producir reportajes para el programa Globo Repórter de TV Globo, que dejó la ficción por el documental. Entre su extensa filmografía destacan las películas Cabra, marcado para morir, ganadora del Premio de la Crítica Internacional de la Berlinale en 1985, Edifício Master y Jogo de Cena. Últimas conversaciones, documental terminado de manera póstuma por su productor ejecutivo João Moreira Salles y su editora Jordana Berg, refleja con fidelidad la esencia del trabajo de Coutinho: retratar a personajes cotidianos a través de la conversación.','Gira Ambulante','Espiritualidad,Latinoamérica','Festival de Brasilia de Cine Brasileño,Festival de Cine de Gramado,Festival Internacional de Cine de Karlovy Vary,EDOC,IDFA.');
INSERT INTO documental VALUES('Día de la Independencia',2016,'Noruega, Letonia',100,'Morten Traavik, Ugis Olte','Este documental musical sigue la increíble historia detrás del concierto en Pyongyang de la banda eslovena de música industrial Laibach, para celebrar el Día de la Independencia de la hermética Corea del Norte.','Morten Traavik (Noruega) es un director y artista que trabaja en un espectro amplio de géneros y fronteras internacionales. Entrenado como director de teatro en Rusia y Suecia, la noción del mundo como un escenario y la identidad como un personaje siempre están presentes en su trabajo, así como una distinción casi imperceptible entre arte, activismo y temas sociales.','Gira Ambulante','Música,Política','IDFA');
INSERT INTO documental VALUES('Peones',2004,'Brasil',85,'Eduardo Coutinho','Antiguos trabajadores de la industria metalúrgica de São Paulo que fueron parte de la histórica huelga de 1979 y 1980 cuentan sus historias personales y recuerdan su participación en las luchas de sindicato.','Eduardo Coutinho (Brasil, 1933-2014) fue un director, productor, guionista, actor y periodista considerado uno de los documentalistas más importantes de Brasil. Dedicó su vida al cine desde 1962, pero no fue hasta los años 70, cuando empezó a producir reportajes para el programa Globo Repórter de TV Globo, que dejó la ficción por el documental. Entre su extensa filmografía destacan las películas Cabra, marcado para morir, ganadora del Premio de la Crítica Internacional de la Berlinale en 1985, Edifício Master y Jogo de Cena. Últimas conversaciones, documental terminado de manera póstuma por su productor ejecutivo João Moreira Salles y su editora Jordana Berg, refleja con fidelidad la esencia del trabajo de Coutinho: retratar a personajes cotidianos a través de la conversación.','Gira Ambulante','Conflictos sociales,Latinoamérica','IDFA,Festival de Brasilia de Cine Brasileño,EDOC');
INSERT INTO documental VALUES('El fin y el principio',2005,'Brasil',110,'Eduardo Coutinho','Sin guion ni investigación previa, Coutinho se adentró en una pequeña comunidad rural habitada por 86 familias para contar sus historias marcadas por la religión, la jerarquía y el honor.','Eduardo Coutinho (Brasil, 1933-2014) fue un director, productor, guionista, actor y periodista considerado uno de los documentalistas más importantes de Brasil. Dedicó su vida al cine desde 1962, pero no fue hasta los años 70, cuando empezó a producir reportajes para el programa Globo Repórter de TV Globo, que dejó la ficción por el documental. Entre su extensa filmografía destacan las películas Cabra, marcado para morir, ganadora del Premio de la Crítica Internacional de la Berlinale en 1985, Edifício Master y Jogo de Cena. Últimas conversaciones, documental terminado de manera póstuma por su productor ejecutivo João Moreira Salles y su editora Jordana Berg, refleja con fidelidad la esencia del trabajo de Coutinho: retratar a personajes cotidianos a través de la conversación.','Gira Ambulante','Latinoamérica,Familia','Festival de Brasilia de Cine Brasileño,Festival Internacional de Cine de Marsella,Festival de Cine de La Habana en Nueva York,EDOC');
INSERT INTO documental VALUES('The Beatles: Eight Days a Week',2016,'Reino Unido',106,'Ron Howard','De 1962 a 1966, cuando decidieron abandonar las giras, The Beatles tocaron más de 800 veces. Este documental cuenta, a través de grabaciones nunca antes vistas y de los ojos de los mismos miembros vivos de la banda, cómo vivieron esos años.','Ron Howard (Estados Unidos, 1954) es un actor, director y productor recordado por el personaje Richie Cunningham en la serie Happy Days —papel por el cual mereció un Globo de Oro como Mejor Actor— y premiado por películas como Una mente brillante —por la cual ganó el Óscar como Mejor Director— o Apolo 13. También ha dirigido series de televisión. Los géneros de sus películas abarcan desde el drama hasta el thriller.','Gira Ambulante','Música','Festival Internacional de Nuevo Cine Latinoamericano de La Habana,Festival de Río');
INSERT INTO documental VALUES('La música de los extraños: Yo-Yo Ma y el Silk Road Ensemble',2015,NULL,95,'Morgan Neville','La historia del colectivo de música creado por el legendario chelista Yo-Yo Ma. Este grupo multidisciplinario de artistas explora el poder de la música para preservar la tradición e inspirar esperanza.','Morgan Neville (Estados Unidos, 1967) es uno de los documentalistas más importantes de la industria actual. Su película A 20 pasos de la fama ganó el Oscar por mejor documental, así como el Grammy por mejor música para película. Neville ha sido nominado en otras cuatro ocasiones a los Grammy por Respect Yourself: The Stax Records Story, Muddy Waters Can’t Be Satisfied y J_ohnny Cash’s America_. Ganó un Emmy por su telefilme Hank Williams: Honky Tonk Blues.','Gira Ambulante','Música','TIFF,Berlinale,Festival Internacional de Cine de Bergen,Festival de Cine de Sarajevo,True/False Film Fest,Festival Internacional de Cine de Boulder,Festival Internacional de Cine de San Francisco,Festival Internacional de Cine de Nueva Zelanda,Festival Internacional de Cine de Melbourne');
INSERT INTO documental VALUES('Leonard Cohen: Bird on a Wire',1974,'Reino Unido',106,'Tony Palmer','Después de ser despreciada por el mismo Leonard Cohen, abandonada en un almacén de Hollywood y elevada a documental de culto, esta película sobre la legendaria gira europea de 1972 de Cohen revivió con fuerza en el nuevo siglo.','Tony Palmer (Reino Unido, 1941) es un escritor, cineasta y director de orquesta cuyo trabajo gira en torno a la figura y obra de músicos como Rachmaninoff,  The Beatles, Leonard Cohen y María Callas. Su trabajo como director ha recibido reconocimientos y nominaciones en los Emmy y los BAFTA, así como catorce medallas de oro del Festival de Cine y Televisión de Nueva York. Su obra se ha presentado en países como Brasil, España, Reino Unido y Estados Unidos.','Gira Ambulante','Música',NULL);
INSERT INTO documental VALUES('Zoé: Panoramas',2016,'México',90,'Rodrigo Guardiola,Gabriel Cruz Rivas','Una mirada única e introspectiva a la vida de una de las bandas de rock más importantes de América Latina: Zoé.','Rodrigo Guardiola (México) es baterista de la banda Zoé. Estudió Ciencias de la Comunicación en el ITESM Monterrey y realizó un posgrado en Teoría de Cine en la NYU School of Continuing and Professional Studies. Ha dirigido videos musicales y conciertos en vivo para Zoé y otras bandas de México. Gabriel Cruz Rivas (México, 1976) estudió Artes Plásticas y Artes Digitales en la Universidad Pompeu Fabra, en Barcelona. Desde 2005 trabaja en la parte escenográfica y de video para los conciertos en vivo de Zoé, así como con otras bandas como Café Tacvba, Ely Guerra y Bengala.','Gira Ambulante,Ambulante Presenta',NULL,NULL);
INSERT INTO documental VALUES('Juego de escena',2006,'Brasil',105,'Eduardo Coutinho','Por medio de un anuncio de periódico, Coutinho reclutó a decenas de mujeres para que contaran, frente a la cámara, sus historias de vida, mismas que luego serían interpretadas por actrices profesionales.','Eduardo Coutinho (Brasil, 1933-2014) fue un director, productor, guionista, actor y periodista considerado uno de los documentalistas más importantes de Brasil. Dedicó su vida al cine desde 1962, pero no fue hasta los años 70, cuando empezó a producir reportajes para el programa Globo Repórter de TV Globo, que dejó la ficción por el documental. Entre su extensa filmografía destacan las películas Cabra, marcado para morir, ganadora del Premio de la Crítica Internacional de la Berlinale en 1985, Edifício Master y Jogo de Cena. Últimas conversaciones, documental terminado de manera póstuma por su productor ejecutivo João Moreira Salles y su editora Jordana Berg, refleja con fidelidad la esencia del trabajo de Coutinho: retratar a personajes cotidianos a través de la conversación.','Gira Ambulante','Latinoamérica,Género','IDFA,Festival de Cine de Tribeca,Festival Internacional de Cine de San Sebastián,Festival de Cine Latinoamericano de São Paulo,BAFICI,EDOC');
INSERT INTO documental VALUES('Fonko',2016,'Suecia,Alemania,Suiza',88,'Lamin Daniel Jadama,Lars Lovén,Göran Hugo Olsson',NULL,NULL,'Gira Ambulante','Conflictos sociales,Música','Festival Internacional de Programas Audiovisuales,Festival de Cine de Gotemburgo,Festival de Cine Beat,Festival de Cine de Cracovia,In-Edit São Paulo,Filmpop Montreal,Beat Weekend Russia,In-Edit Colombia,Festival de Cine de Londres,Cinemigrante,In-Edit Atenas,DocLisboa,In-Edit Barcelona,Festival Dei Popoli,Porto/Post/Doc,In-Edit Chile');
INSERT INTO documental VALUES('Nick Cave and the Bad Seeds: de nuevo, pero con sentimiento',2016,'Reino Unido',112,'Andrew Dominik','El que iba a ser un documental sobre el nuevo disco de Nick Cave and The Bad Seeds, se convirtió, luego de la muerte del hijo de Nick Cave, en un crudo y emocional testimonio del artista tratando de encontrar consuelo.','Andrew Dominik (Nueva Zelanda, 1967) es un guionista y director de cine neozelandés, aunque la mayor parte de su vida y su carrera profesional se han desarrollado en Australia. Uno de sus proyectos más celebrados fue El asesinato de Jesse James por el cobarde Robert Redford, elogiado por su fidelidad y sutileza al retratar la relación entre el bandido y su futuro asesino. Sus tres primeros filmes conforman una serie de gran calidad acerca de hombres violentos.','Gira Ambulante','Memoria social,Música','Festival Internacional de Cine de Venecia,Festival de Río,Festival Internacional de Cine de Dubai');
INSERT INTO documental VALUES('Chavela',2017,'Español',93,'Catherine Gund,Daresha Kyi','A través de una entrevista nunca antes vista, realizada 20 años antes de su muerte en 2012, y guiada por las historias de sus canciones, esta película retrata a la mujer que se atrevió a vivir como quiso: Chavela Vargas.','Catherine Gund (Australia, 1965) es una activista y directora de cine documental, además de ser fundadora de Aubin Pictures, productora cuyos temas transitan desde las relaciones raciales hasta la protección del medio ambiente, pasando por la diversidad sexual, los derechos reproductivos, y la lucha contra el VIH. Su trabajo ha sido nominado a los Emmy, y su labor social es reconocida desde diversas organizaciones y grupos minoritarios.','Gira Ambulante','Latinoamérica,Archivos,Biográfico,Género,Gira,LGBTQ,Memoria social,Música,Salud,Trabajo','DOC NYC,Berlinale');
INSERT INTO documental VALUES('Esto es lo que hay',2015,'Francia',100,'Léa Rinaldi','Los Aldeanos es un grupo de hip-hop rebelde y contestatario que nunca se cansó de luchar por la libertad de expresión en Cuba y Estados Unidos. Esta es su historia.','Léa Rinaldi (Francia, 1982) es realizadora y periodista. Estudió en la Universidad de la Sorbona y en la Universidad de la Habana. En sus inicios, trabajó como periodista independiente para Canal+, Ciné Cinéma y MK2.','Gira Ambulante','Latinoamérica,Música','Festival First Look,BAFICI,Festival Internacional de Cine Documental Millenium,F.A.M.E Film & Music Experience,Festival du Nouveau Cinéma,Festival Internacional IN-EDIT,Ambulante Colombia');
INSERT INTO documental VALUES('Los ofendidos',2016,'México,El Salvador',85,'Marcela Zamora Chamorro','Durante la guerra civil salvadoreña, el padre de la directora y miles de personas más fueron capturadas y torturadas por el Estado. Estas son algunas de esas historias.','Marcela Zamora (El Salvador, 1980) tiene formación periodística y documental por la Escuela Internacional de Cine y Televisión de Cuba. Ha trabajado para Al Jazeera y Tele Sur. Entre 2009 y 2015 dirigió la sección de cine documental del periódico digital El Faro. Ha producido y dirigido documentales en El Salvador, Nicaragua, México, Venezuela y Cuba, entre los cuales figuran Xochiquetzal: la casa de las flores bellas, María en tierra de nadie y El cuarto de los huesos. Sus filmes han participado y sido premiados en festivales internacionales del continente americano, europeo y asiático.','Gira Ambulante,Ambulante Presenta','Latinoamérica','IDFA,Festival de la Memoria. Documental Iberoamericano,Ícaro Festival Internacional de Cine,Festival Internacional de Cine de Mar del Plata,Festival Internacional de Nuevo Cine Latinoamericano de La Habana');
INSERT INTO documental VALUES('Bellas de noche',2016,'México',90,'María José Cuevas','¿Qué fue de aquellas vedettes que representaron con exotismo la belleza de los cabarets mexicanos de los años setenta y ochenta? Décadas después de terminada la función, ellas cuentan sus historias.','María José Cuevas se divide entre el documental, el video experimental, el diseño y la fotografía. Su trabajo de video se ha exhibido en diferentes festivales y espacios de arte en México y el mundo como el Centro de las Artes de Chelsea en Nueva York, la Bienal Internacional de Videoarte en Israel y el Museo Universitario de Ciencias y Artes en México (MUCA), entre muchos más.','Gira Ambulante,Ambulante Presenta',NULL,'FICM,Ambulante Gira de Documentales,TIFF,IDFA,Festival Internacional de Cine de Palm Springs');
INSERT INTO documental VALUES('Strike a Pose',2016,'Países Bajos,Bélgica',83,'Ester Gould,Reijer Zwaan','En 1990, siete bailarines fueron seleccionados por Madonna para acompañarla en su tour más controversial y cargar la bandera del orgullo gay. Ahora los sobrevivientes nos cuentan qué tan duro fue vivir esa liberación.','Ester Gould (Reino Unido, 1975) es una directora de cine documental. Desde 2005 realizó documentales para la televisión pública holandesa. En 2010, Shout, obra filmada en Siria y en Los Altos de Golán israelíes, fue premiada como Mejor Película durante el Festival Internacional de Cine Documental en Londres. Además, su trabajo se ha presentado en el IDFA y en la Berlinale, entre otros.','Gira Ambulante','LGBTQ,Música','Berlinale,Festival de Cine de Tribeca,Hot Docs');
INSERT INTO documental VALUES('Artemio',2017,'México',49,'Sandra Luz López Barroso','Un seguimiento afectuoso y emocionante a la vida de Artemio, un niño que nació y creció en Estados Unidos. Lleno de dudas, sigue a su madre, oriunda de la Costa Chica guerrerense, de regreso a México.','Sandra Luz López Barroso (México), antropóloga y realizadora que ha trabajado por más de diez años en proyectos artísticos en la Costa Chica de Guerrero y Oaxaca. También ha participado en varios cortometrajes del Centro de Capacitación Cinematográfica (CCC) como directora, fotógrafa y sonidista.','Gira Ambulante,Ambulante Presenta','Familia,Migración',NULL);
INSERT INTO documental VALUES('Austin City Limits: una canción para ti',2016,'EUA',96,'Keith Maitland','De Willie Nelson a Wilco, pasando por Ray Charles y Radiohead, este documental ofrece el pase a backstage definitivo a 40 años de música increíble, desde el programa musical más longevo en la historia de la televisión.','Keith Maitland (Estados Unidos) es un director de documentales, comerciales y programas de televisión nominado a los Emmy. Fue asistente de dirección durante siete temporadas en la serie La ley y el orden. Estudió en la Universidad de Texas, el Director"s Guild of America Trainee Program y en la PBS Producer"s Academy.','Gira Ambulante','Música','SXSW,Festival Internacional de Cine de Dallas,Festival de Cine de Nashville,Festival de Cine de Montclair,Festival Internacional de Cine de Seattle,Festival Internacional de Cine y Música de Chicago,Festival internacional de Cine de Berkshire,Festival de Cine Atlantic,Festival de Cine de Milwaukee');
INSERT INTO documental VALUES('Omega',2016,'España',86,'José Sánchez-Montes,Gervasio Iglesias','A mediados de los noventa, el cantante de flamenco Enrique Morente y el grupo de rock Lagartija Nick grabaron Omega, un disco imposible que fusionó flamenco, rock, los poemas de Federico García Lorca y la música de Leonard Cohen.','José Sánchez-Montes (España, 1961) es un director y productor de cine español. En 1984 fundó la productora Ático Siete, a través de la cual ha financiado sus propios documentales —en los cuales se puede observar una fascinación clara hacia la música flamenca, así como por Granada y Andalucía. También ha financiado programas para televisión y series documentales en torno a la cultura andaluza y granadina. Documentó la experiencia de músicos como Enrique Morente, en Enrique Morente sueña la Alhambra.','Gira Ambulante','Música','Beefeater In-Edit Barcelona,Festival Internacional de Cine de San Sebastián');
INSERT INTO documental VALUES('Guerrero', 2017, 'México', 110, 'Ludovic Bonleux', 'En el estado de Guerrero, los activistas Coni, Juan y Mario se rebelan ante la impunidad, sin importar los sacrificios y riesgos que sus luchas implican.', 'Ludovic Bonleux (Francia, 1974) es un director, productor y fotógrafo que ha enfocado parte de su obra en movimientos políticos y sociales en México, así como en la violencia política y del narcotráfico, particularmente en el estado de Guerrero. En 2015 participó en la película colectiva Ayotzinapa 26, producida por Amnistía Internacional, sobre la desaparición forzada de los estudiantes de la escuela normal de Ayotzinapa, en Iguala en septiembre de 2014.', 'Gira Ambulante , Ambulante Presenta', NULL, 'FICM , Wisconsin Film Festival , Festival Zanate, Santa Barbara International Film Festival'),
('1 minuto de naturaleza', 2016, 'Países Bajos', 8, 'Katinka Baehr , Stefanie Visjager', 'Serie de ocho cortometrajes documentales animados que exploran la idea de cómo los niños experimentan la naturaleza.', 'Katinka Baehr se graduó de la Universidad de Amsterdam en 1994. Ha trabajado como productora de documentales, moderadora y oradora pública. Sus documentales han ganado varios premios, incluyendo al prestigioso Prix Europa.', 'Ambiente Gira Ambulante', 'Animacion, Medio', 'IDFA , Festival Internacional de Animacion de Ottawa, Festival Internacional de Cortometraje de Oberhausen'),
('Libranos', 2016, 'Italia, Francia', 90, 'Federica Di Giacomo', 'En Italia, el padre Cataldo no se da abasto con las posesiones demoníacas, tanto así, que practica exorcismos por teléfono. Líbranos es un relato sobre la práctica del exorcismo y sobre los sufrimientos emocionales de los poseídos.', 'Federica Di Giacomo (Italia) es una escritora y directora de cine documental. Se ha desempeñado en varias disciplinas como el teatro, la danza y la antropología. Su primer documental, Il Lato Grottesco Della Vita fue premiado en el Festival de Cine de Turín. Su segundo trabajo fue seleccionado para exhibirse en el Festival Internacional de Cine de Locarno y el Festival Internacional de Cine de Róterdam, entre otros.', 'Gira Ambulante', 'Espiritualidad', 'Festival de Cine de Venecia'),
('Las lindas', 2016, 'Argentina', 77, 'Melissa Liebenthal', 'A partir de entrevistas con sus amigas de la infancia y del “análisis” de fotografías propias que contrapone con los cánones del género femenino, la directora se cuestiona con candidez y humor lo que significa ser mujer.', 'Melisa Liebenthal (Argentina, 1991) estudió dirección de cine en la Fundación Universidad del Cine, en Buenos Aires, y actualmente prepara su tesis de grado. Ha dirigido algunos cortometrajes, entre los que se encuentran Airportness y Alegría del hogar.', 'Gira Ambulante', 'Genero, Memoria Social', 'TIFF, Festival Internacional de Cine de Róterdam, Buenos Aires Festival Internacional de Cine Independiente, Festival Internacional de Cine de Seattle, Festival Internacional de Cine de Edimburgo, Festival Internacional de Cine de Medellín, FIDOCS Festival Internacional de Cine Documental'),
('Batallas íntimas', 2016, 'México', 87, 'Lucia Gaja', 'A través de cinco historias, narradas en España, Estados Unidos, Finlandia, India y México, Lucía Gajá nos lleva por los caminos de resiliencia y reinvención de mujeres que sobrevivieron a la violencia doméstica.', 'Lucía Gajá (México, 1975) estudió Artes Visuales en la UNAM y la especialidad de Realización Cinematográfica en el CUEC. Asistió a un taller de documental en la escuela de San Antonio de los Baños, Cuba, y cursó un seminario con los documentalistas Allan Miller y Patricio Guzmán. Es maestra del Centro de Capacitación Cinematográfica y del Centro Universitario de Estudios Cinematográficos. Su ópera prima documental, Mi vida dentro, fue ganadora de múltiples premios en festivales como el FICM, el Festival de Derechos Humanos de París, el Festival BAFICI en Buenos Aires, el Festival Documenta Madrid, entre muchos otros.', 'Gira Ambulante, Ambulante Presenta', 'Genero', 'FICM, FICG'),
('El Buzo', 2015, 'México', 16, 'Esteban Arrangoiz', 'En las profundidades de las aguas negras que circulan bajo la Ciudad de México, Julio César Cu, jefe del equipo de buceo del drenaje, trabaja reparando bombas y retirando basura para evitar inundaciones.', 'Esteban Arrangoiz (México, 1979) estudió Comunicaciones en Macquarie University, en Australia, y Cine en el Centro Universitario de Estudios Cinematográficos (CUEC). En el 2008 fue parte del primer Talent Campus Guadalajara especializado en documental; y en el 2012, del Talent Campus de la Berlinale. Sus cortometrajes se han presentado en diversos festivales alrededor del mundo. Su documental Río Lerma fue ganador del Ariel por mejor cortometraje documental en el 2011.', 'Gira Ambulante', 'Medio Ambiente', 'Berlinale, FICM, FICUNAM, DocsMX, Sundance, True False Film Festival'),
('No soy tu negro', 2016, 'Francia, Bélgica, Suiza', 93, 'Raoul Peck', 'A partir de Remember This House, novela inconclusa del escritor y activista James Baldwin, Raoul Peck plantea una reflexión acerca de la violencia racial y lo que significa ser negro en Estados Unidos.', 'Raoul Peck (Haití, 1953) ha dirigido más de una decena de películas, entre ficciones y documentales. Actualmente es presidente de la escuela de cine francesa La Fémis, y es sujeto de numerosas retrospectivas alrededor del mundo. En 2001, la Human Rights Watch Organization lo galardonó con el Premio Irene Diamond Lifetime Achievement.', 'Gira Ambulante', 'Politica', 'TIFF, IDFA, Festival de Cine de Nueva York, Festivak Internacional de Cine de Chicago, Festival de Cine de Filadelfia, Festival de Cine de Nueva Orleans'),
('Los niños', 2016, 'Chile, Países Bajos, Francia', 82, 'Maite Alberdi', 'Un grupo de amigos con síndrome de Down ha asistido al mismo colegio por más de 40 años. Cansados de que los sigan tratando como niños, ellos lucharán por vivir como adultos.', 'Maite Alberdi es Licenciada en Comunicación Social, Licenciada en Estética y Directora Audiovisual de la Universidad Católica de Chile. Como directora, construye retratos íntimos de los personajes que trabaja, contando historias cotidianas en pequeños mundos. Trabaja como docente de realización documental en distintas Universidades de Santiago de Chile y es coautora del libro Teorías del cine documental chileno 1957-1973.', 'Gira Ambulante', 'Latinoamérica, Familia', 'IDFA');

SELECT * FROM documental;

CREATE TABLE creditos
(
  Titulo VARCHAR(255) PRIMARY KEY,
  Fotografias VARCHAR(255),
  Produccion VARCHAR(255),
  Guion VARCHAR(50),
  Produccion_Ejecutiva VARCHAR(255),
  Edicion VARCHAR(255),
  Sonido VARCHAR(255),
  Compania_productora VARCHAR(255),
  FOREIGN KEY (Titulo) REFERENCES Documental(Titulo)
);

alter table creditos modify column TITULO VARCHAR(255);
INSERT INTO creditos VALUES('Últimas conversaciones','Jacques Cheuiche,A.B.C.','Carolina Benevides', 'Eduardo Coutinho', 'João Moreira Salles', 'Maria Carlota Bruno','Valéria Ferro', 'VideoFilmes');
INSERT INTO creditos VALUES('Edificio Master','Jacques Cheuiche', 'Beth Formaggini',NULL, 'Mauricio Andrade Ramos,João Moreira Salles', 'Jordana Berg','Valéria Ferro',NULL);
INSERT INTO creditos VALUES('Eduardo Coutinho, 7 de octubre','Jacques Cheuiche,A.B.C.', 'Carolina Benevides,Kátia Nascimento',NULL,NULL,'Jordana Berg', 'Valéria Ferro',NULL);
INSERT INTO creditos VALUES('Cabra, marcado para morir','Edgar Moura,Fernando Duarte', 'Marcos Farias,Zelito Viana,Eduardo Coutinho','Eduardo Coutinho', 'Leon Hirszman,Zelito Viana', 'Eduardo Escorel','Jorge Saldanha','Produções Cinematográfica Mapa Filmes');
INSERT INTO creditos VALUES('Oasis: Supersonic',NULL,'Fiona Neilson,James Gay-Rees,Simon Halfon',NULL,'Liam Gallagher,Noel Gallagher,Asif Kapadia', 'Paul Monagham', 'Jake Gillies', 'Lorton Entertainment,On the Corner Films,Mint Pictures,Nemperor');
INSERT INTO creditos VALUES('Santo fuerte','Luis Felipe Sá,Fabian Silbert', 'Cláudia Braga,Cristiana Grumbach', 'Eduardo Coutinho', 'Claudius Ceccon,Dinah Frotté,Elcimar de Oliveira', 'Jordana Berg', 'Valeria Ferro,Paulo Ricardo Nunes',NULL);
INSERT INTO creditos VALUES('Día de la Independencia','Valdis Celmins,Sven-Erling Brusletto', 'Uldis Cekullis,Morten Traavik', 'Morten Traavik,Ugis Olte',NULL,'Gatis Belogrudovs,Ugis Olte', 'Artis Dukalskis,Ernests Ansons', 'VFS Films,Traavik.Info');
INSERT INTO creditos VALUES('Peones','Jacques Cheuiche,A.B.C.', 'Beth Formaggini',NULL, 'Mauricio Andrade Ramos,João Moreira Salles', 'Jordana Berg', 'Márcio Câmara', 'VideoFilmes');
INSERT INTO creditos VALUES('Guerrero','Ludovic Bonleux, Ernesto Pardo, Ricardo del Conde, Carlos Rossini', 'Emiliano Altuna, Carlos Rossini, Romy Tatiana Graullera, Ludovic Bonleux', NULL, NULL, 'Pedro G. Garcia', 'Francisco Lobato', 'IMCINE, Bambú Audiovisual, Cadalpiotz'),
('1 minuto de naturaleza','Lotte van Dijck', 'Stefanie Visjager', 'Tjitske Mussche, Laura Stek, Bente Hamel', NULL, 'Kris Kobes', 'Arno Peeters', 'Radiomakers Desmet'),
('Líbranos','Greta De Lazzaris, Carlo Sisalli', 'Francesco Virga', 'Di Giacomo, Andrea Zvetkov Sanguigni', 'Davide Pagano, Francesco Virga', 'Aline Hervè, Edoardo Morabito', NULL, 'An I Wonder Pictures, MIR Cinematografica, RAI Cinema, Opera Films, France 3 Via Stella'),
('Las lindas',NULL, 'Eugenia Campos Guevara', NULL, NULL, 'Sofía Mele, Melisa Liebenthal', 'Marcos Canosa , Ángeles Otero', 'Capataz Cine'),
('Batallas íntimas','Marc Bellver', 'Rodrigo Herranz Fanjul, Lucía Gajá', 'Lucía Gajá', NULL, 'Francisco X. Rivera Águila, Lucía Gajá, Mariana Rodríguez', 'Cristina Esquerra, Lucía Gajá, Matías Barberis, Jacobo Lieberman, Leonardo Heiblum', 'Caguama Producciones, IMCINE'),
('El buzo','Martín Molina', 'Esteban Arrangoiz, Víctor Hugo Jiménez, Jaime B. Ramos, Mariana Rodríguez', 'Esteban Arrangoiz, Mariana Rodríguez', 'María Del Carmen De Lara, Esteban Arrangoiz, Víctor Hugo Jiménez, Jaime B. Ramos, Mariana Rodríguez', 'Mariana Rodríguez, Esteban Arrangoiz', 'Estíbaliz Márquez, Daniel Rojo , Juan Felipe Waller', 'IMCINE, UNAM'),
('No soy tu negro','Henry Adebonojo, Bill Ross, Turner Ross', 'Rémi Grellety, Raoul Peck, Hébert Peck', NULL, NULL, 'Alexandra Strauss', 'Valérie Le Docte, David Gillian, Alexei Aigui', 'Velvet Film, Inc. (EUA), Velvet Film (Francia), Artémis Productions, Close Up Films, Arte France, Independent Television Service (ITVS)'),
('Los niños','Pablo Valdés', 'Maite Alberdi, Denis Vaslin, Fleur Knopperts, Sebastián Brahm', 'Maite Alberdi',NULL, 'Juan Eduardo Murillo, Menno Boerema', 'Ranko Paukovic, Migue Miranda, José Miguel Tobar', 'Micromundo Producciones, Volya Films, Mandra Films');
INSERT INTO creditos VALUES('El fin y el principio', 'Jacques Cheuiche, A.B.C.', 'Raquel Freire Zangrandi', NULL, 'Mauricio Andrade Ramos, João Moreira Salles', 'Jordana Berg', 'Bruno Fernandes', 'VideoFilmes'),
('The Beatles: Eight Days a Week', 'Michael Wood', 'Nigel Sinclair, Scott Pascucci, Brian Grazer, Ron Howard', 'Mark Monroe', 'Jeff Jones, Jonathan Clyde, Michael Rosenberg, Guy East, Nicholas Ferral', 'Paul Crowder', 'null', 'Apple Corps, Studiocanal, PolyGram Entertainment, Imagine Entertainment, White Horse Pictures'),
('La música de los extraños: Yo-Yo Ma y el Silk Road Ensemble', 'Graham Willoughby', 'Caitrin Rogers', 'Morgan Neville', 'Jeff Skoll, Diane Weyermann, Laura Fried, Cristin Canterbury Bagnall, Julie Goldman, William Ackman, Hyun-Sang Cho, Nancy Stephens, Rick Rosenthal, Sheila Nevins, Nancy Abraham', 'Jason Zeldes, Helen Kearns', 'Al Nelson, Dennis Hamlin, Dimitri Tisseyre', 'Tremolo Productions'),
('Leonard Cohen: Bird on a Wire', 'Graham Willoughby', 'Caitrin Rogers', 'Morgan Neville', 'Jeff Skoll, Diane Weyermann, Laura Fried, Cristin Canterbury Bagnall, Julie Goldman, William Ackman, Hyun-Sang Cho, Nancy Stephens, Rick Rosenthal, Sheila Nevins, Nancy Abraham', 'Jason Zeldes, Helen Kearns', 'Al Nelson, Dennis Hamlin, Dimitri Tisseyre', 'Tremolo Productions'),
('Zoé: Panoramas', 'Guillermo Garza', 'Rodrigo Guardiola, Gabriel Cruz Rivas', NULL, 'Rodrigo Guardiola, Gabriel Cruz Rivas, Zoé, Pablo Garcia Gatterer, Humberto Hinojosa, Stacy Perskie, Guillermo Garza, Javier Montemayor', 'Adriana Martínez, Olmo Guerra, Rodrigo Guardiola, Gabriel Cruz Rivas', 'Matias Barberis', 'Rocanroler, Redrum, Tigre Pictures'),
('Juego de escena', 'Jacques Cheuiche, A.B.C.', 'Raquel Freire Zangrandi, Bia Almeida',NULL, 'João Moreira Salles, Mauricio Andrade Ramos, Guilherme Cezar Coelho', 'Jordana Berg', 'Valeria Ferro', NULL),
('Fonko', 'Ania Winiarska, Lamin Daniel Jadama, Göran Hugo Olsson, Lars Lovén', 'Tobias Janson', 'Lamin Daniel Jadama, Lars Lovén, Göran Hugo Olsson', NULL, 'Limpassen Game', 'Fredrik Ståln, Niklas Antonell', 'Story AB, First hand Films'),
('Nick Cave and the Bad Seeds: de nuevo, pero con sentimiento', 'Alwin H. Kuchler, Benoit Debie', 'Dulcie Kellett, James Wilson', NULL, NULL, 'Shane Reid', NULL, 'Iconoclast, Pulse Films, Bad Seeds'),
('Chavela', 'Catherine Gund, Natalia Cuevas, Paula Gutiérrez Orio', 'Catherine Gund, Daresha Kyi', NULL, 'Lynda Weinman, Bruce Heavin', 'Carla Gutiérrez', NULL, NULL),
('Bellas de noche', 'Mark Powell, María José Cuevas', 'María José Cuevas, Christian Valdelièvre, Moisés Cosío', NULL, NULL, 'Ximena Cuevas', 'Kiyoshi Osawa, Javier Umpiérrez', 'Cinepantera, Detalle Films, Instituto Mexicano de Cinematografía EFICINE'),
('Esto es lo que hay', 'Léa Rinaldi', 'Coralie Van Rietschoten',NULL, 'Léa Rinaldi, Stéphane Plat, Diane Gabeloteau', 'Léa Rinaldi',NULL, 'Aléa Films'),
('Los ofendidos', 'Álvaro Rodríguez Sánchez', 'Julio López Fernández', 'Marcela Zamora Chamorro', 'null', 'Andrea Bilbao', 'Pablo Hasbún', 'El Faro, Kino Glaz, Argos, Caravana Production Services'),
('Strike a Pose', 'Reinout Steenhuizen', 'Thomas den Drijver, Rosan Boersma, Denis Wigman, Sander Verdok, Ester Gould, Reijer Zwaan', 'Ester Gould, Reijer Zwaan', 'André de Raaff', 'Dorith Vinken', 'Carla van Der Meijs', 'CTM Docs, The Other Room'),
('Artemio', 'Bruno Santamaría Razo', 'Henner Hofmann, Karla Bukantz', 'Sandra Luz López Barroso', 'null', 'Andrea Rabasa Jofre', 'Isis Puente', 'Centro de Capacitación Cinematográfica A.C'),
('Austin City Limits: una canción para ti', 'Sarah Wilson', 'Keith Maitland, Sarah Wilson, Susan Thomson, Hillary Pierce', 'null', 'null', 'Austin Reedy', 'null', 'null'),
('Omega', 'Juan Manuel Carmona', 'Gervasio Iglesias, David González', 'José Sánchez-Montes', 'null', 'Mercedes Cantero, Pablo Rojo, Abel Hernández', 'Mario A. Torres', 'Sacromonte Films, Telecinco Cinema, Universal Music Spain, Mediaset España, Canal Sur, Junta de Andalucía');

CREATE TABLE Autor
(
  AutorID INT AUTO_INCREMENT,
  Nombre VARCHAR(255) NOT NULL,
  Ap_Paterno VARCHAR(255) NOT NULL,
  PRIMARY KEY (AutorID)
);

INSERT INTO Autor (Nombre,Ap_Paterno) VALUES('Andrew','Dominik'),('Carlos', 'Nader'),('Catherine', 'Gund'),('Daresha', 'Kyi'),('Eduardo', 'Coutinho'),('Ester', 'Gould'),('Esteban', 'Arrangoiz'),('Reijer', 'Zwaan'),
('Federica', 'Di Giacomo'),('José', 'Sánchez-Montes'),('Gervasio', 'Iglesias'),('Katinka', 'Baehr'),('Stefanie', 'Visjager'),('Keith', 'Maitland'),('Lamin', 'Jadama'),('Lars', 'Lovén'),('Göran', 'Olsson'),('Lucia', 'Gaja'),
('Ludovic', 'Bonleux'),('Léa', 'Rinaldi'),('Maite', 'Alberdi'),('Marcela', 'Zamora'),('María José', 'Cuevas'),('Mat', 'Whitecross'),('Melissa', 'Liebenthal'),('Morgan', 'Neville'),('Morten', 'Traavik'), ('Ugis', 'Olte'),
('Raoul', 'Peck'),('Rodrigo' ,'Guardiola'),('Gabriel' ,'Cruz'),('Ron', 'Howard'),('Sandra Luz', 'López Barroso'),('Tony', 'Palmer');

CREATE TABLE Dirigir
(
  AutorID INT NOT NULL,
  Titulo VARCHAR(255) NOT NULL,
  PRIMARY KEY (AutorID, Titulo),
  FOREIGN KEY (AutorID) REFERENCES Autor(AutorID),
  FOREIGN KEY (Titulo) REFERENCES Documental(Titulo)
);

INSERT INTO Dirigir VALUES(1,'Nick Cave and the Bad Seeds: de nuevo, pero con sentimiento'),(2,'Eduardo Coutinho, 7 de octubre'),(3,'Chavela'),(4,'Chavela'),(5,'Cabra, marcado para morir'),
(5,'Edificio Master'),(5,'El fin y el principio'),(5,'Juego de escena'),(5,'Peones'),(5,'Santo fuerte'),(5,'Ultimas conversaciones'),(7,'El Buzo'),(6,'Strike a Pose'),(8,'Strike a Pose'),
(9,'Libranos'),(10,'Omega'),(11,'Omega'),(12,'1 minuto de naturaleza'),(13,'1 minuto de naturaleza'),(14,'Austin City Limits: una canción para ti'),(15,'Fonko'),(16,'Fonko'),
(17,'Fonko'),(18,'Batallas íntimas'),(19,'Guerrero'),(20,'Esto es lo que hay'),(21,'Los niños'),(22,'Los ofendidos'),(23,'Bellas de noche'),(24,'Oasis: Supersonic'),(25,'Las lindas'),
(26,'La música de los extraños: Yo-Yo Ma y el Silk Road Ensemble'),(27,'Día de la Independencia'),(28,'Día de la Independencia'),(29,'No soy tu negro'),(30,'Zoé: Panoramas'),(31,'Zoé: Panoramas'),
(32,'The Beatles: Eight Days a Week'),(33,'Artemio'),(34,'Leonard Cohen: Bird on a Wire');

CREATE TABLE Festival
(
  Nombre VARCHAR(255),
  Lugar VARCHAR(255),
  Fecha DATE,
  Descripcion TEXT,
  Costo INT,
  PRIMARY KEY (Nombre)
);

INSERT INTO Festival VALUES('EL ENCANTO DE LA FISURA','CDMX','2023-08-29','Cuando se fisura un esquema lineal nacen las hibridaciones. En Ambulante abrazamos la hibridación, el sincretismo y sus derivas como una oportunidad para la libertad, la experimentación y la exploración de campos desconocidos; como la posibilidad de salirnos de la propia piel para encarnar otras que nos permitan ser y sentir de formas distintas. En Japón, las cicatrices que dejan los traumas son cuidadosamente adornadas: la técnica de kintsugi consiste en pegar la cerámica rota con laca de oro; "reparar" las huellas de la violencia y rememorarlas en su belleza. El kintsugi inventa un objeto distinto: híbrido y elocuente. En 2023, Ambulante cumple 18 años y, como rito de paso a la mayoría de edad, nos revestimos de nuestra vitalidad adolescente para imaginar una posible metamorfosis colectiva. Como en el kintsugi, celebramos el encanto de la fisura. Fisurar es también cuestionar lo real, ficcionarnos. ¿Cómo nos enfrentamos a la fallida retórica que promete transformaciones? Pensamos que las transformaciones no se prometen, se viven. Sin ninguna certeza pero rebosantes de deseos, los convocamos a convertir este festival de cine documental en un espacio para habitar la mirada del otro, de las otras, como parte de una estrategia de comprensión y supervivencia. Los invitamos a fragmentar juntos el mundo en pedazos y volver a ensamblarlo desde un nuevo y sorpresivo presente.',160);

CREATE TABLE Secciones
(
  Nombre_de_la_seccion VARCHAR(255),
  Calendario DATE NOT NULL,
  Descripcion TEXT,
  Documental VARCHAR(255),
  Festival VARCHAR(255),
  PRIMARY KEY (Nombre_de_la_seccion, Documental),
  FOREIGN KEY (Documental) REFERENCES Documental(Titulo),
  FOREIGN KEY (Festival) REFERENCES Festival(Nombre)
);

INSERT INTO Secciones VALUES('RESISTENCIAS','2023-08-30','Enfatiza la resistencia frente a estructuras opresivas, contextos marcados por la discriminación y los mitos del progreso capitalista. Despliega narrativas que tejen puentes afectivos entre luchas y activismos para mostrar sus diferentes desafíos. Esta sección pone en el centro manifestaciones de subversión, al arte como herramienta de transformación social, y a la lucha por la justicia en todos los ámbitos. Reúne historias que nos enseñan la importancia de abrazar los cruces, las hibridaciones y las disidencias como formas de emancipación','Nick Cave and the Bad Seeds: de nuevo, pero con sentimiento','EL ENCANTO DE LA FISURA');
INSERT INTO Secciones VALUES('RESISTENCIAS','2023-08-30','Enfatiza la resistencia frente a estructuras opresivas, contextos marcados por la discriminación y los mitos del progreso capitalista. Despliega narrativas que tejen puentes afectivos entre luchas y activismos para mostrar sus diferentes desafíos. Esta sección pone en el centro manifestaciones de subversión, al arte como herramienta de transformación social, y a la lucha por la justicia en todos los ámbitos. Reúne historias que nos enseñan la importancia de abrazar los cruces, las hibridaciones y las disidencias como formas de emancipación','Eduardo Coutinho, 7 de octubre','EL ENCANTO DE LA FISURA');
INSERT INTO Secciones VALUES('RESISTENCIAS','2023-08-30','Enfatiza la resistencia frente a estructuras opresivas, contextos marcados por la discriminación y los mitos del progreso capitalista. Despliega narrativas que tejen puentes afectivos entre luchas y activismos para mostrar sus diferentes desafíos. Esta sección pone en el centro manifestaciones de subversión, al arte como herramienta de transformación social, y a la lucha por la justicia en todos los ámbitos. Reúne historias que nos enseñan la importancia de abrazar los cruces, las hibridaciones y las disidencias como formas de emancipación','Chavela','EL ENCANTO DE LA FISURA');
INSERT INTO Secciones VALUES('RESISTENCIAS','2023-08-30','Enfatiza la resistencia frente a estructuras opresivas, contextos marcados por la discriminación y los mitos del progreso capitalista. Despliega narrativas que tejen puentes afectivos entre luchas y activismos para mostrar sus diferentes desafíos. Esta sección pone en el centro manifestaciones de subversión, al arte como herramienta de transformación social, y a la lucha por la justicia en todos los ámbitos. Reúne historias que nos enseñan la importancia de abrazar los cruces, las hibridaciones y las disidencias como formas de emancipación','Cabra, marcado para morir','EL ENCANTO DE LA FISURA');
INSERT INTO Secciones VALUES('PULSOS','2023-09-01','Reúne historias que se desarrollan en el territorio mexicano, que es una geografía física pero también simbólica. Cada una, con su propio ritmo,representa temas, preocupaciones y reflexiones que conforman una sinfonía de voces sobre la realidad social, cultural y política del país. En esta edición, Pulsos es un latido vigoroso que resuena para capturar los signos vitales de la sociedad mexicana que dan cuenta, entre su diversidad, de un deseo común: moverse de un lugar a otro en un desplazamiento que atraviesa el espacio pero también la realidad social y la intimidad.','Edificio Master','EL ENCANTO DE LA FISURA');
INSERT INTO Secciones VALUES('PULSOS','2023-09-01','Reúne historias que se desarrollan en el territorio mexicano, que es una geografía física pero también simbólica. Cada una, con su propio ritmo,representa temas, preocupaciones y reflexiones que conforman una sinfonía de voces sobre la realidad social, cultural y política del país. En esta edición, Pulsos es un latido vigoroso que resuena para capturar los signos vitales de la sociedad mexicana que dan cuenta, entre su diversidad, de un deseo común: moverse de un lugar a otro en un desplazamiento que atraviesa el espacio pero también la realidad social y la intimidad.','El fin y el principio','EL ENCANTO DE LA FISURA');
INSERT INTO Secciones VALUES('PULSOS','2023-09-01','Reúne historias que se desarrollan en el territorio mexicano, que es una geografía física pero también simbólica. Cada una, con su propio ritmo,representa temas, preocupaciones y reflexiones que conforman una sinfonía de voces sobre la realidad social, cultural y política del país. En esta edición, Pulsos es un latido vigoroso que resuena para capturar los signos vitales de la sociedad mexicana que dan cuenta, entre su diversidad, de un deseo común: moverse de un lugar a otro en un desplazamiento que atraviesa el espacio pero también la realidad social y la intimidad.','Juego de escena','EL ENCANTO DE LA FISURA');
INSERT INTO Secciones VALUES('PULSOS','2023-09-01','Reúne historias que se desarrollan en el territorio mexicano, que es una geografía física pero también simbólica. Cada una, con su propio ritmo,representa temas, preocupaciones y reflexiones que conforman una sinfonía de voces sobre la realidad social, cultural y política del país. En esta edición, Pulsos es un latido vigoroso que resuena para capturar los signos vitales de la sociedad mexicana que dan cuenta, entre su diversidad, de un deseo común: moverse de un lugar a otro en un desplazamiento que atraviesa el espacio pero también la realidad social y la intimidad.','Peones','EL ENCANTO DE LA FISURA');
INSERT INTO Secciones VALUES('INTERSECCIONES','2023-08-31','Intersecciones es la sección en que se revela la gran diversidad de formas fílmicas del documental en diálogo con las distintas geografías, contextos y miradas que atraviesan y redefinen las historias del mundo. Este año, la selección propone espacios de debate profundo y, al mismo tiempo, abre pequeñas grietas para fisurar nuestras certezas hacia nuevas versiones de la realidad. Películas de América Latina, Europa, Asia y África plantean la idea de la creación de redes como posibilidad para la resistencia, la lucha o la evasión','Santo fuerte','EL ENCANTO DE LA FISURA');
INSERT INTO Secciones VALUES('INTERSECCIONES','2023-08-31','Intersecciones es la sección en que se revela la gran diversidad de formas fílmicas del documental en diálogo con las distintas geografías, contextos y miradas que atraviesan y redefinen las historias del mundo. Este año, la selección propone espacios de debate profundo y, al mismo tiempo, abre pequeñas grietas para fisurar nuestras certezas hacia nuevas versiones de la realidad. Películas de América Latina, Europa, Asia y África plantean la idea de la creación de redes como posibilidad para la resistencia, la lucha o la evasión','Ultimas conversaciones','EL ENCANTO DE LA FISURA');
INSERT INTO Secciones VALUES('INTERSECCIONES','2023-08-31','Intersecciones es la sección en que se revela la gran diversidad de formas fílmicas del documental en diálogo con las distintas geografías, contextos y miradas que atraviesan y redefinen las historias del mundo. Este año, la selección propone espacios de debate profundo y, al mismo tiempo, abre pequeñas grietas para fisurar nuestras certezas hacia nuevas versiones de la realidad. Películas de América Latina, Europa, Asia y África plantean la idea de la creación de redes como posibilidad para la resistencia, la lucha o la evasión','El Buzo','EL ENCANTO DE LA FISURA');
INSERT INTO Secciones VALUES('INTERSECCIONES','2023-08-31','Intersecciones es la sección en que se revela la gran diversidad de formas fílmicas del documental en diálogo con las distintas geografías, contextos y miradas que atraviesan y redefinen las historias del mundo. Este año, la selección propone espacios de debate profundo y, al mismo tiempo, abre pequeñas grietas para fisurar nuestras certezas hacia nuevas versiones de la realidad. Películas de América Latina, Europa, Asia y África plantean la idea de la creación de redes como posibilidad para la resistencia, la lucha o la evasión','Strike a Pose','EL ENCANTO DE LA FISURA');
INSERT INTO Secciones VALUES('SONIDERO','2023-09-03','Películas que exploran las formas en que el sonido y la música han marcado momentos de encuentro, de gozo, de lucha y de innovación. En la confluencia entre diferentes disciplinas artísticas y material de archivo, estas obras nos conectan con nuestra propia pertenencia, identidad y fisura. Desde la especulación de futuros posibles en Corea, hasta la cumbia amazónica en Perú, abrazamos la nostalgia de la colectividad y la potencia de los cuerpos que danzan al unísono','Libranos','EL ENCANTO DE LA FISURA');
INSERT INTO Secciones VALUES('SONIDERO','2023-09-03','Películas que exploran las formas en que el sonido y la música han marcado momentos de encuentro, de gozo, de lucha y de innovación. En la confluencia entre diferentes disciplinas artísticas y material de archivo, estas obras nos conectan con nuestra propia pertenencia, identidad y fisura. Desde la especulación de futuros posibles en Corea, hasta la cumbia amazónica en Perú, abrazamos la nostalgia de la colectividad y la potencia de los cuerpos que danzan al unísono','Omega','EL ENCANTO DE LA FISURA');
INSERT INTO Secciones VALUES('SONIDERO','2023-09-03','Películas que exploran las formas en que el sonido y la música han marcado momentos de encuentro, de gozo, de lucha y de innovación. En la confluencia entre diferentes disciplinas artísticas y material de archivo, estas obras nos conectan con nuestra propia pertenencia, identidad y fisura. Desde la especulación de futuros posibles en Corea, hasta la cumbia amazónica en Perú, abrazamos la nostalgia de la colectividad y la potencia de los cuerpos que danzan al unísono','1 minuto de naturaleza','EL ENCANTO DE LA FISURA');
INSERT INTO Secciones VALUES('SONIDERO','2023-09-03','Películas que exploran las formas en que el sonido y la música han marcado momentos de encuentro, de gozo, de lucha y de innovación. En la confluencia entre diferentes disciplinas artísticas y material de archivo, estas obras nos conectan con nuestra propia pertenencia, identidad y fisura. Desde la especulación de futuros posibles en Corea, hasta la cumbia amazónica en Perú, abrazamos la nostalgia de la colectividad y la potencia de los cuerpos que danzan al unísono','Austin City Limits: una canción para ti','EL ENCANTO DE LA FISURA');
INSERT INTO Secciones VALUES('COORDENADAS','2023-08-30','Largometrajes y cortometrajes exclusivos para cada estado, que abordan problemáticas y manifestaciones culturales de la región. Con esta sección se propicia un intercambio entre espectadores y creadores con preocupaciones compartidas, con el objetivo de fortalecer comunidades en torno al cine.','Fonko','EL ENCANTO DE LA FISURA');
INSERT INTO Secciones VALUES('COORDENADAS','2023-08-30','Largometrajes y cortometrajes exclusivos para cada estado, que abordan problemáticas y manifestaciones culturales de la región. Con esta sección se propicia un intercambio entre espectadores y creadores con preocupaciones compartidas, con el objetivo de fortalecer comunidades en torno al cine.','Batallas íntimas','EL ENCANTO DE LA FISURA');
INSERT INTO Secciones VALUES('COORDENADAS','2023-08-30','Largometrajes y cortometrajes exclusivos para cada estado, que abordan problemáticas y manifestaciones culturales de la región. Con esta sección se propicia un intercambio entre espectadores y creadores con preocupaciones compartidas, con el objetivo de fortalecer comunidades en torno al cine.','Guerrero','EL ENCANTO DE LA FISURA');
INSERT INTO Secciones VALUES('COORDENADAS','2023-08-30','Largometrajes y cortometrajes exclusivos para cada estado, que abordan problemáticas y manifestaciones culturales de la región. Con esta sección se propicia un intercambio entre espectadores y creadores con preocupaciones compartidas, con el objetivo de fortalecer comunidades en torno al cine.','Esto es lo que hay','EL ENCANTO DE LA FISURA');
INSERT INTO Secciones VALUES('INVOCACIONES','2023-09-02','A partir de este año, las retrospectivas de Ambulante se agruparán en una nueva sección que lleva por nombre Invocaciones: tanto de realizadores y películas que han dejado una huella significativa en la historia del cine documental mexicano, como de obras internacionales que nos proveen de pistas para comprender el contexto cinematográfico actual. Invocaciones es nuestra propuesta para contribuir al trazo historiográfico de este género fílmico en nuestro país. En la Gira 2023, el foco estará puesto en México.','Los niños','EL ENCANTO DE LA FISURA');
INSERT INTO Secciones VALUES('INVOCACIONES','2023-09-02','A partir de este año, las retrospectivas de Ambulante se agruparán en una nueva sección que lleva por nombre Invocaciones: tanto de realizadores y películas que han dejado una huella significativa en la historia del cine documental mexicano, como de obras internacionales que nos proveen de pistas para comprender el contexto cinematográfico actual. Invocaciones es nuestra propuesta para contribuir al trazo historiográfico de este género fílmico en nuestro país. En la Gira 2023, el foco estará puesto en México.','Los ofendidos','EL ENCANTO DE LA FISURA');
INSERT INTO Secciones VALUES('INVOCACIONES','2023-09-02','A partir de este año, las retrospectivas de Ambulante se agruparán en una nueva sección que lleva por nombre Invocaciones: tanto de realizadores y películas que han dejado una huella significativa en la historia del cine documental mexicano, como de obras internacionales que nos proveen de pistas para comprender el contexto cinematográfico actual. Invocaciones es nuestra propuesta para contribuir al trazo historiográfico de este género fílmico en nuestro país. En la Gira 2023, el foco estará puesto en México.','Bellas de noche','EL ENCANTO DE LA FISURA');
INSERT INTO Secciones VALUES('INVOCACIONES','2023-09-02','A partir de este año, las retrospectivas de Ambulante se agruparán en una nueva sección que lleva por nombre Invocaciones: tanto de realizadores y películas que han dejado una huella significativa en la historia del cine documental mexicano, como de obras internacionales que nos proveen de pistas para comprender el contexto cinematográfico actual. Invocaciones es nuestra propuesta para contribuir al trazo historiográfico de este género fílmico en nuestro país. En la Gira 2023, el foco estará puesto en México.','Oasis: Supersonic','EL ENCANTO DE LA FISURA');
INSERT INTO Secciones VALUES('INJERTO','2023-08-31','Sección dedicada al cine de vanguardia. Este año, el Laboratorio Experimental de Cine (LEC), en el marco de su décimo aniversario, propone dos programas —uno proyectado en fílmico y otro en digital— en los que se entrecruzan el cine experimental de Argentina y México (o ArgenMéx)','Las lindas','EL ENCANTO DE LA FISURA');
INSERT INTO Secciones VALUES('INJERTO','2023-08-31','Sección dedicada al cine de vanguardia. Este año, el Laboratorio Experimental de Cine (LEC), en el marco de su décimo aniversario, propone dos programas —uno proyectado en fílmico y otro en digital— en los que se entrecruzan el cine experimental de Argentina y México (o ArgenMéx)','La música de los extraños: Yo-Yo Ma y el Silk Road Ensemble','EL ENCANTO DE LA FISURA');
INSERT INTO Secciones VALUES('INJERTO','2023-08-31','Sección dedicada al cine de vanguardia. Este año, el Laboratorio Experimental de Cine (LEC), en el marco de su décimo aniversario, propone dos programas —uno proyectado en fílmico y otro en digital— en los que se entrecruzan el cine experimental de Argentina y México (o ArgenMéx)','Día de la Independencia','EL ENCANTO DE LA FISURA');
INSERT INTO Secciones VALUES('INJERTO','2023-08-31','Sección dedicada al cine de vanguardia. Este año, el Laboratorio Experimental de Cine (LEC), en el marco de su décimo aniversario, propone dos programas —uno proyectado en fílmico y otro en digital— en los que se entrecruzan el cine experimental de Argentina y México (o ArgenMéx)','No soy tu negro','EL ENCANTO DE LA FISURA');
INSERT INTO Secciones VALUES('RETROVISOR','2023-09-02','Retrovisor busca enriquecer la visión crítica que tenemos del presente, a través de obras audiovisuales estrenadas en el pasado y que han sido conservadas en archivos públicos, privados o en las colecciones particulares de los realizadores o colectivos que las crearon. En cada edición de Ambulante, esta sección ha incluido documentales, registros sin editar, publicidad, cine amateur y cine experimental. En su mayoría se trata de materiales que han pasado por un proceso de restauración o digitalización con el fin de preservarlos.','Zoé: Panoramas','EL ENCANTO DE LA FISURA');
INSERT INTO Secciones VALUES('RETROVISOR','2023-09-02','Retrovisor busca enriquecer la visión crítica que tenemos del presente, a través de obras audiovisuales estrenadas en el pasado y que han sido conservadas en archivos públicos, privados o en las colecciones particulares de los realizadores o colectivos que las crearon. En cada edición de Ambulante, esta sección ha incluido documentales, registros sin editar, publicidad, cine amateur y cine experimental. En su mayoría se trata de materiales que han pasado por un proceso de restauración o digitalización con el fin de preservarlos.','The Beatles: Eight Days a Week','EL ENCANTO DE LA FISURA');
INSERT INTO Secciones VALUES('RETROVISOR','2023-09-02','Retrovisor busca enriquecer la visión crítica que tenemos del presente, a través de obras audiovisuales estrenadas en el pasado y que han sido conservadas en archivos públicos, privados o en las colecciones particulares de los realizadores o colectivos que las crearon. En cada edición de Ambulante, esta sección ha incluido documentales, registros sin editar, publicidad, cine amateur y cine experimental. En su mayoría se trata de materiales que han pasado por un proceso de restauración o digitalización con el fin de preservarlos.','Artemio','EL ENCANTO DE LA FISURA');
INSERT INTO Secciones VALUES('RETROVISOR','2023-09-02','Retrovisor busca enriquecer la visión crítica que tenemos del presente, a través de obras audiovisuales estrenadas en el pasado y que han sido conservadas en archivos públicos, privados o en las colecciones particulares de los realizadores o colectivos que las crearon. En cada edición de Ambulante, esta sección ha incluido documentales, registros sin editar, publicidad, cine amateur y cine experimental. En su mayoría se trata de materiales que han pasado por un proceso de restauración o digitalización con el fin de preservarlos.','Leonard Cohen: Bird on a Wire','EL ENCANTO DE LA FISURA');